Date,Open,Close
1/2/2000,238.8155541,238.8155541
1/9/2000,248.2605846,248.2605846
1/16/2000,252.9455838,252.9455838
1/23/2000,252.2852365,252.2852365
1/30/2000,248.2588423,248.2588423
2/6/2000,246.8477247,246.8477247
2/13/2000,248.5854727,248.5854727
2/20/2000,248.218151,248.218151
2/27/2000,249.3381003,249.3381003
3/5/2000,250.210322,250.210322
3/12/2000,248.6258833,248.6258833
3/19/2000,251.784615,251.784615
3/26/2000,257.3168353,257.3168353
4/2/2000,260.4544362,260.4544362
4/9/2000,263.3136525,263.3136525
4/16/2000,263.8991485,263.8991485
4/23/2000,262.0520673,262.0520673
4/30/2000,262.189196,262.189196
5/7/2000,264.2903328,264.2903328
5/14/2000,262.2663604,262.2663604
5/21/2000,260.5783568,260.5783568
5/28/2000,256.8038123,256.8038123
6/4/2000,255.1946156,255.1946156
6/11/2000,259.0415253,259.0415253
6/18/2000,257.7278745,257.7278745
6/25/2000,256.2690889,256.2690889
7/2/2000,258.333495,258.333495
7/9/2000,261.9582239,261.9582239
7/16/2000,266.4695525,266.4695525
7/23/2000,269.0891302,269.0891302
7/30/2000,268.1952581,268.1952581
8/6/2000,269.3217416,269.3217416
8/13/2000,272.7813686,272.7813686
8/20/2000,276.6349699,276.6349699
8/27/2000,276.7446598,276.7446598
9/3/2000,275.1666046,275.1666046
9/10/2000,278.1818128,278.1818128
9/17/2000,276.4368015,276.4368015
9/24/2000,270.031897,270.031897
10/1/2000,265.25245,265.25245
10/8/2000,263.611391,263.611391
10/15/2000,261.7730657,261.7730657
10/22/2000,261.334827,261.334827
10/29/2000,267.961251,267.961251
11/5/2000,278.1605253,278.1605253
11/12/2000,282.1235097,282.1235097
11/19/2000,286.9367216,286.9367216
11/26/2000,299.8522494,299.8522494
12/3/2000,301.7893543,301.7893543
12/10/2000,298.1416299,298.1416299
12/17/2000,297.6295958,297.6295958
12/24/2000,297.7677292,297.7677292
12/31/2000,301.1802973,301.1802973
1/7/2001,294.8533525,294.8533525
1/14/2001,296.1949936,296.1949936
1/21/2001,292.6979948,292.6979948
1/28/2001,285.3283142,285.3283142
2/4/2001,287.4308511,287.4308511
2/11/2001,297.4231324,297.4231324
2/18/2001,302.0584961,302.0584961
2/25/2001,304.5550649,304.5550649
3/4/2001,309.0811157,309.0811157
3/11/2001,310.2302245,310.2302245
3/18/2001,310.667347,310.667347
3/25/2001,314.9032967,314.9032967
4/1/2001,322.1232153,322.1232153
4/8/2001,329.6409176,329.6409176
4/15/2001,331.7711259,331.7711259
4/22/2001,331.5394437,331.5394437
4/29/2001,328.492866,328.492866
5/6/2001,325.9159668,325.9159668
5/13/2001,323.059072,323.059072
5/20/2001,321.7626836,321.7626836
5/27/2001,322.7700044,322.7700044
6/3/2001,322.4200546,322.4200546
6/10/2001,318.5854099,318.5854099
6/17/2001,314.0928929,314.0928929
6/24/2001,323.9790506,323.9790506
7/1/2001,333.4078775,333.4078775
7/8/2001,330.3447363,330.3447363
7/15/2001,326.3937256,326.3937256
7/22/2001,328.5606711,328.5606711
7/29/2001,334.948999,334.948999
8/5/2001,348.3013267,348.3013267
8/12/2001,359.8081437,359.8081437
8/19/2001,361.4168728,361.4168728
8/26/2001,363.9891354,363.9891354
9/2/2001,367.8377421,367.8377421
9/9/2001,371.992337,371.992337
9/16/2001,380.5942621,380.5942621
9/23/2001,385.3035818,385.3035818
9/30/2001,380.8430551,380.8430551
10/7/2001,365.3217065,365.3217065
10/14/2001,343.534148,343.534148
10/21/2001,334.0186606,334.0186606
10/28/2001,335.0731351,335.0731351
11/4/2001,347.8415182,347.8415182
11/11/2001,354.0106191,354.0106191
11/18/2001,356.8097758,356.8097758
11/25/2001,362.7705149,362.7705149
12/2/2001,360.8060349,360.8060349
12/9/2001,362.7543029,362.7543029
12/16/2001,366.4452338,366.4452338
12/23/2001,363.9775066,363.9775066
12/30/2001,369.0894118,369.0894118
1/6/2002,345.383314,345.383314
1/13/2002,347.5804234,347.5804234
1/20/2002,341.9570901,341.9570901
1/27/2002,327.6690521,327.6690521
2/3/2002,318.0482515,318.0482515
2/10/2002,320.1933104,320.1933104
2/17/2002,329.7033478,329.7033478
2/24/2002,333.5300765,333.5300765
3/3/2002,340.6250217,340.6250217
3/10/2002,348.1412402,348.1412402
3/17/2002,345.6423994,345.6423994
3/24/2002,324.8237348,324.8237348
3/31/2002,316.8442482,316.8442482
4/7/2002,331.9443167,331.9443167
4/14/2002,327.0647717,327.0647717
4/21/2002,317.4735227,317.4735227
4/28/2002,311.6233109,311.6233109
5/5/2002,302.3810756,302.3810756
5/12/2002,292.2617261,292.2617261
5/19/2002,279.7569535,279.7569535
5/26/2002,276.4838419,276.4838419
6/2/2002,277.9621784,277.9621784
6/9/2002,263.86978,263.86978
6/16/2002,261.0777828,261.0777828
6/23/2002,270.7897715,270.7897715
6/30/2002,277.3883744,277.3883744
7/7/2002,275.610609,275.610609
7/14/2002,248.6183598,248.6183598
7/21/2002,237.8681941,237.8681941
7/28/2002,246.059747,246.059747
8/4/2002,242.647189,242.647189
8/11/2002,246.2830934,246.2830934
8/18/2002,246.2978062,246.2978062
8/25/2002,239.9951797,239.9951797
9/1/2002,246.0838722,246.0838722
9/8/2002,253.4079751,253.4079751
9/15/2002,257.7677257,257.7677257
9/22/2002,270.6003984,270.6003984
9/29/2002,276.9760047,276.9760047
10/6/2002,268.0342579,268.0342579
10/13/2002,252.8669723,252.8669723
10/20/2002,241.9542284,241.9542284
10/27/2002,234.8668473,234.8668473
11/3/2002,227.0688865,227.0688865
11/10/2002,225.3945311,225.3945311
11/17/2002,228.9554174,228.9554174
11/24/2002,225.7469061,225.7469061
12/1/2002,230.3105744,230.3105744
12/8/2002,235.6835639,235.6835639
12/15/2002,244.6021989,244.6021989
12/22/2002,250.5014516,250.5014516
12/29/2002,251.3982778,251.3982778
1/5/2003,252.2832145,252.2832145
1/12/2003,265.5659003,265.5659003
1/19/2003,263.0509074,263.0509074
1/26/2003,247.3505235,247.3505235
2/2/2003,236.2136987,236.2136987
2/9/2003,248.2226948,248.2226948
2/16/2003,260.0970977,260.0970977
2/23/2003,264.7787325,264.7787325
3/2/2003,284.0125118,284.0125118
3/9/2003,315.979995,315.979995
3/16/2003,327.6576504,327.6576504
3/23/2003,326.282678,326.282678
3/30/2003,319.8935712,319.8935712
4/6/2003,313.0350588,313.0350588
4/13/2003,313.3685429,313.3685429
4/20/2003,321.434131,321.434131
4/27/2003,327.9048349,327.9048349
5/4/2003,324.4358401,324.4358401
5/11/2003,315.1299839,315.1299839
5/18/2003,300.8098459,300.8098459
5/25/2003,304.3855495,304.3855495
6/1/2003,312.8317057,312.8317057
6/8/2003,309.2856499,309.2856499
6/15/2003,304.3270516,304.3270516
6/22/2003,299.6678634,299.6678634
6/29/2003,299.5982405,299.5982405
7/6/2003,310.3483257,310.3483257
7/13/2003,311.0618061,311.0618061
7/20/2003,312.2072892,312.2072892
7/27/2003,320.9046707,320.9046707
8/3/2003,328.123327,328.123327
8/10/2003,329.5719869,329.5719869
8/17/2003,328.1348443,328.1348443
8/24/2003,331.8210594,331.8210594
8/31/2003,339.3595389,339.3595389
9/7/2003,339.987225,339.987225
9/14/2003,338.6049222,338.6049222
9/21/2003,335.6827762,335.6827762
9/28/2003,330.420563,330.420563
10/5/2003,330.8232286,330.8232286
10/12/2003,339.4399913,339.4399913
10/19/2003,338.8865707,338.8865707
10/26/2003,334.0506762,334.0506762
11/2/2003,334.455163,334.455163
11/9/2003,334.8540521,334.8540521
11/16/2003,328.8632997,328.8632997
11/23/2003,319.3873227,319.3873227
11/30/2003,316.3176358,316.3176358
12/7/2003,315.9900076,315.9900076
12/14/2003,319.1087273,319.1087273
12/21/2003,317.3472761,317.3472761
12/28/2003,316.3077033,316.3077033
1/4/2004,299.7712741,299.7712741
1/11/2004,318.0874344,318.0874344
1/18/2004,322.6811437,322.6811437
1/25/2004,330.8538337,330.8538337
2/1/2004,338.3263689,338.3263689
2/8/2004,336.1728936,336.1728936
2/15/2004,331.8294773,331.8294773
2/22/2004,324.8588405,324.8588405
2/29/2004,325.4334983,325.4334983
3/7/2004,326.1656777,326.1656777
3/14/2004,327.4450373,327.4450373
3/21/2004,326.9694988,326.9694988
3/28/2004,326.1421716,326.1421716
4/4/2004,323.2669759,323.2669759
4/11/2004,319.8121246,319.8121246
4/18/2004,321.6280234,321.6280234
4/25/2004,314.4621129,314.4621129
5/2/2004,311.3434641,311.3434641
5/9/2004,314.4012668,314.4012668
5/16/2004,316.4784917,316.4784917
5/23/2004,317.01663,317.01663
5/30/2004,321.3748143,321.3748143
6/6/2004,327.7957183,327.7957183
6/13/2004,331.2309618,331.2309618
6/20/2004,334.4217664,334.4217664
6/27/2004,341.9012266,341.9012266
7/4/2004,351.2597954,351.2597954
7/11/2004,354.4001309,354.4001309
7/18/2004,354.9111148,354.9111148
7/25/2004,355.9338359,355.9338359
8/1/2004,359.5537345,359.5537345
8/8/2004,368.1886713,368.1886713
8/15/2004,374.3405764,374.3405764
8/22/2004,375.271925,375.271925
8/29/2004,374.2881546,374.2881546
9/5/2004,373.9184946,373.9184946
9/12/2004,381.7320289,381.7320289
9/19/2004,392.8009456,392.8009456
9/26/2004,389.7240516,389.7240516
10/3/2004,378.4148887,378.4148887
10/10/2004,374.4440137,374.4440137
10/17/2004,378.4032662,378.4032662
10/24/2004,375.6110006,375.6110006
10/31/2004,370.6126205,370.6126205
11/7/2004,368.7932294,368.7932294
11/14/2004,376.9742074,376.9742074
11/21/2004,375.8178656,375.8178656
11/28/2004,371.6989952,371.6989952
12/5/2004,372.2343336,372.2343336
12/12/2004,372.1304334,372.1304334
12/19/2004,375.2345048,375.2345048
12/26/2004,374.4976016,374.4976016
1/2/2005,362.0603652,362.0603652
1/9/2005,378.7072287,378.7072287
1/16/2005,386.0475537,386.0475537
1/23/2005,388.2985069,388.2985069
1/30/2005,384.4830549,384.4830549
2/6/2005,379.869643,379.869643
2/13/2005,377.2117166,377.2117166
2/20/2005,377.5970663,377.5970663
2/27/2005,378.3552084,378.3552084
3/6/2005,376.2529023,376.2529023
3/13/2005,370.7597646,370.7597646
3/20/2005,365.3155914,365.3155914
3/27/2005,366.7848412,366.7848412
4/3/2005,366.3572907,366.3572907
4/10/2005,353.4466194,353.4466194
4/17/2005,337.7669258,337.7669258
4/24/2005,332.3715998,332.3715998
5/1/2005,333.573224,333.573224
5/8/2005,338.8252478,338.8252478
5/15/2005,335.6381666,335.6381666
5/22/2005,332.6177669,332.6177669
5/29/2005,327.2329394,327.2329394
6/5/2005,319.5210824,319.5210824
6/12/2005,318.5971735,318.5971735
6/19/2005,332.3763254,332.3763254
6/26/2005,357.5996381,357.5996381
7/3/2005,369.0888603,369.0888603
7/10/2005,385.7032315,385.7032315
7/17/2005,396.211537,396.211537
7/24/2005,403.8262324,403.8262324
7/31/2005,412.1361676,412.1361676
8/7/2005,414.9658149,414.9658149
8/14/2005,415.1879286,415.1879286
8/21/2005,410.2152371,410.2152371
8/28/2005,404.7854635,404.7854635
9/4/2005,403.728064,403.728064
9/11/2005,408.9985977,408.9985977
9/18/2005,411.0025403,411.0025403
9/25/2005,410.6152361,410.6152361
10/2/2005,413.5311957,413.5311957
10/9/2005,410.6421303,410.6421303
10/16/2005,402.190075,402.190075
10/23/2005,397.3055716,397.3055716
10/30/2005,390.9224201,390.9224201
11/6/2005,385.3233824,385.3233824
11/13/2005,379.3989579,379.3989579
11/20/2005,376.1787792,376.1787792
11/27/2005,375.6241692,375.6241692
12/4/2005,371.3830165,371.3830165
12/11/2005,370.6053097,370.6053097
12/18/2005,371.762776,371.762776
12/25/2005,369.1023698,369.1023698
1/1/2006,361.9238432,361.9238432
1/8/2006,353.8556951,353.8556951
1/15/2006,351.586267,351.586267
1/22/2006,351.1895298,351.1895298
1/29/2006,355.7431346,355.7431346
2/5/2006,360.0019923,360.0019923
2/12/2006,358.7204578,358.7204578
2/19/2006,360.3804767,360.3804767
2/26/2006,364.0088361,364.0088361
3/5/2006,366.9044496,366.9044496
3/12/2006,366.073061,366.073061
3/19/2006,366.2476325,366.2476325
3/26/2006,363.6070639,363.6070639
4/2/2006,357.1577235,357.1577235
4/9/2006,355.9374726,355.9374726
4/16/2006,360.6224686,360.6224686
4/23/2006,362.0096945,362.0096945
4/30/2006,359.262249,359.262249
5/7/2006,353.4922787,353.4922787
5/14/2006,348.2059127,348.2059127
5/21/2006,346.5761297,346.5761297
5/28/2006,349.528292,349.528292
6/4/2006,343.3308219,343.3308219
6/11/2006,341.371788,341.371788
6/18/2006,343.5760829,343.5760829
6/25/2006,349.4944883,349.4944883
7/2/2006,356.0547102,356.0547102
7/9/2006,359.0119862,359.0119862
7/16/2006,361.1183754,361.1183754
7/23/2006,368.0907365,368.0907365
7/30/2006,375.8975085,375.8975085
8/6/2006,380.660735,380.660735
8/13/2006,381.0299864,381.0299864
8/20/2006,377.2295087,377.2295087
8/27/2006,366.4560733,366.4560733
9/3/2006,358.8915167,358.8915167
9/10/2006,355.3759899,355.3759899
9/17/2006,355.5954832,355.5954832
9/24/2006,349.3977781,349.3977781
10/1/2006,333.0461762,333.0461762
10/8/2006,323.6081447,323.6081447
10/15/2006,305.1162759,305.1162759
10/22/2006,279.6841598,279.6841598
10/29/2006,277.6969524,277.6969524
11/5/2006,291.9742235,291.9742235
11/12/2006,308.2915043,308.2915043
11/19/2006,308.4845125,308.4845125
11/26/2006,297.4198689,297.4198689
12/3/2006,280.9696406,280.9696406
12/10/2006,269.6221771,269.6221771
12/17/2006,279.158961,279.158961
12/24/2006,282.2044677,282.2044677
12/31/2006,276.0198897,276.0198897
1/7/2007,276.7786413,276.7786413
1/14/2007,293.0816667,293.0816667
1/21/2007,304.3140915,304.3140915
1/28/2007,312.0540691,312.0540691
2/4/2007,312.5813094,312.5813094
2/11/2007,311.8374042,311.8374042
2/18/2007,313.5976539,313.5976539
2/25/2007,321.97427,321.97427
3/4/2007,327.9845943,327.9845943
3/11/2007,338.0455272,338.0455272
3/18/2007,346.0473892,346.0473892
3/25/2007,345.060141,345.060141
4/1/2007,341.0039206,341.0039206
4/8/2007,341.2476901,341.2476901
4/15/2007,329.2300582,329.2300582
4/22/2007,307.5768232,307.5768232
4/29/2007,295.3193008,295.3193008
5/6/2007,325.7293459,325.7293459
5/13/2007,319.9419433,319.9419433
5/20/2007,316.5613909,316.5613909
5/27/2007,330.0705902,330.0705902
6/3/2007,323.2584308,323.2584308
6/10/2007,326.3917683,326.3917683
6/17/2007,334.5095546,334.5095546
6/24/2007,333.6929369,333.6929369
7/1/2007,334.2964523,334.2964523
7/8/2007,336.592245,336.592245
7/15/2007,337.6839182,337.6839182
7/22/2007,340.7289322,340.7289322
7/29/2007,340.609093,340.609093
8/5/2007,338.7131905,338.7131905
8/12/2007,336.212876,336.212876
8/19/2007,327.0375958,327.0375958
8/26/2007,331.9612861,331.9612861
9/2/2007,340.0438527,340.0438527
9/9/2007,333.6418058,333.6418058
9/16/2007,326.1693993,326.1693993
9/23/2007,310.022238,310.022238
9/30/2007,296.9182139,296.9182139
10/7/2007,290.1025203,290.1025203
10/14/2007,271.0287636,271.0287636
10/21/2007,266.7550548,266.7550548
10/28/2007,276.0990155,276.0990155
11/4/2007,284.4290018,284.4290018
11/11/2007,293.0375659,293.0375659
11/18/2007,295.4488315,295.4488315
11/25/2007,292.2675766,292.2675766
12/2/2007,297.0449883,297.0449883
12/9/2007,306.2773549,306.2773549
12/16/2007,310.7023507,310.7023507
12/23/2007,312.3566047,312.3566047
12/30/2007,311.1992409,311.1992409
1/6/2008,300.5846011,300.5846011
1/13/2008,328.4193296,328.4193296
1/20/2008,332.1647138,332.1647138
1/27/2008,331.6524951,331.6524951
2/3/2008,331.4619746,331.4619746
2/10/2008,333.5137213,333.5137213
2/17/2008,340.6053818,340.6053818
2/24/2008,346.215339,346.215339
3/2/2008,341.1146653,341.1146653
3/9/2008,331.703632,331.703632
3/16/2008,319.5884154,319.5884154
3/23/2008,317.3463278,317.3463278
3/30/2008,327.361443,327.361443
4/6/2008,326.119696,326.119696
4/13/2008,321.7950111,321.7950111
4/20/2008,316.4352455,316.4352455
4/27/2008,313.8224879,313.8224879
5/4/2008,316.0006398,316.0006398
5/11/2008,314.2616731,314.2616731
5/18/2008,310.6167675,310.6167675
5/25/2008,311.7315179,311.7315179
6/1/2008,314.0368347,314.0368347
6/8/2008,319.9933599,319.9933599
6/15/2008,328.0960938,328.0960938
6/22/2008,328.7863892,328.7863892
6/29/2008,334.691962,334.691962
7/6/2008,339.6717258,339.6717258
7/13/2008,339.878739,339.878739
7/20/2008,339.6162195,339.6162195
7/27/2008,339.8720345,339.8720345
8/3/2008,345.4291222,345.4291222
8/10/2008,353.6878718,353.6878718
8/17/2008,351.2140011,351.2140011
8/24/2008,347.6536708,347.6536708
8/31/2008,344.6548333,344.6548333
9/7/2008,348.3109431,348.3109431
9/14/2008,351.3196575,351.3196575
9/21/2008,359.3313518,359.3313518
9/28/2008,361.7190577,361.7190577
10/5/2008,361.8975075,361.8975075
10/12/2008,359.3333639,359.3333639
10/19/2008,354.6912781,354.6912781
10/26/2008,344.4468929,344.4468929
11/2/2008,329.2106108,329.2106108
11/9/2008,325.989212,325.989212
11/16/2008,332.1210364,332.1210364
11/23/2008,329.1036329,329.1036329
11/30/2008,327.8696268,327.8696268
12/7/2008,330.0680722,330.0680722
12/14/2008,330.7636101,330.7636101
12/21/2008,333.6197189,333.6197189
12/28/2008,336.4853451,336.4853451
1/11/2009,336.1172964,336.1172964
1/18/2009,332.1079494,332.1079494
1/25/2009,321.3902163,321.3902163
2/1/2009,313.9489736,313.9489736
2/8/2009,304.4707276,304.4707276
2/15/2009,300.4843225,300.4843225
2/22/2009,305.7494942,305.7494942
3/1/2009,313.7576682,313.7576682
3/8/2009,314.1398054,314.1398054
3/15/2009,316.8596977,316.8596977
3/22/2009,319.8924163,319.8924163
3/29/2009,319.3859808,319.3859808
4/5/2009,315.3640337,315.3640337
4/12/2009,314.1993356,314.1993356
4/19/2009,319.4807456,319.4807456
4/26/2009,319.6572209,319.6572209
5/3/2009,316.6429148,316.6429148
5/10/2009,313.5396166,313.5396166
5/17/2009,308.2475739,308.2475739
5/24/2009,311.8627323,311.8627323
5/31/2009,321.1568133,321.1568133
6/7/2009,324.9372329,324.9372329
6/14/2009,327.3972302,327.3972302
6/21/2009,332.8677595,332.8677595
6/28/2009,335.1495644,335.1495644
7/5/2009,337.0393467,337.0393467
7/12/2009,336.9409737,336.9409737
7/19/2009,338.1496833,338.1496833
7/26/2009,341.7412512,341.7412512
8/2/2009,344.084536,344.084536
8/9/2009,344.7365219,344.7365219
8/16/2009,340.0539978,340.0539978
8/23/2009,326.4569565,326.4569565
8/30/2009,317.6781762,317.6781762
9/6/2009,320.2658507,320.2658507
9/13/2009,325.3949956,325.3949956
9/20/2009,322.0024087,322.0024087
9/27/2009,317.9909658,317.9909658
10/4/2009,317.9085441,317.9085441
10/11/2009,315.4764909,315.4764909
10/18/2009,310.8102122,310.8102122
10/25/2009,306.1800211,306.1800211
11/1/2009,304.1402887,304.1402887
11/8/2009,302.6042229,302.6042229
11/15/2009,304.8080001,304.8080001
11/22/2009,304.4598938,304.4598938
11/29/2009,298.1526641,298.1526641
12/6/2009,294.2426313,294.2426313
12/13/2009,284.536324,284.536324
12/20/2009,281.7407776,281.7407776
12/27/2009,287.50775,287.50775
1/3/2010,285.3322978,285.3322978
1/10/2010,304.2884056,304.2884056
1/17/2010,313.6060227,313.6060227
1/24/2010,323.3439704,323.3439704
1/31/2010,327.2368145,327.2368145
2/7/2010,325.1632625,325.1632625
2/14/2010,326.1346877,326.1346877
2/21/2010,334.5116647,334.5116647
2/28/2010,340.8685519,340.8685519
3/7/2010,344.0761545,344.0761545
3/14/2010,350.2681051,350.2681051
3/21/2010,353.9993044,353.9993044
3/28/2010,351.0313572,351.0313572
4/4/2010,346.4256584,346.4256584
4/11/2010,348.8470306,348.8470306
4/18/2010,350.3746616,350.3746616
4/25/2010,347.3840938,347.3840938
5/2/2010,347.7091107,347.7091107
5/9/2010,346.4486893,346.4486893
5/16/2010,346.6331671,346.6331671
5/23/2010,344.1619671,344.1619671
5/30/2010,342.9687189,342.9687189
6/6/2010,347.1437578,347.1437578
6/13/2010,347.9885088,347.9885088
6/20/2010,347.1148543,347.1148543
6/27/2010,349.2702839,349.2702839
7/4/2010,350.9759984,350.9759984
7/11/2010,349.1379012,349.1379012
7/18/2010,348.4560388,348.4560388
7/25/2010,352.9100057,352.9100057
8/1/2010,358.0011639,358.0011639
8/8/2010,363.9580307,363.9580307
8/15/2010,364.2700731,364.2700731
8/22/2010,365.1077594,365.1077594
8/29/2010,367.1277358,367.1277358
9/5/2010,364.929661,364.929661
9/12/2010,366.8706926,366.8706926
9/19/2010,371.1146266,371.1146266
9/26/2010,372.8235072,372.8235072
10/3/2010,375.0332902,375.0332902
10/10/2010,374.2054834,374.2054834
10/17/2010,369.0591892,369.0591892
10/24/2010,366.2501029,366.2501029
10/31/2010,364.1282724,364.1282724
11/7/2010,364.2694411,364.2694411
11/14/2010,367.8047663,367.8047663
11/21/2010,371.4896617,371.4896617
11/28/2010,375.9542923,375.9542923
12/5/2010,380.0930349,380.0930349
12/12/2010,386.4017151,386.4017151
12/19/2010,391.3821902,391.3821902
12/26/2010,391.0977341,391.0977341
1/2/2011,381.95953,381.95953
1/9/2011,408.5965583,408.5965583
1/16/2011,410.5557286,410.5557286
1/23/2011,411.2646698,411.2646698
1/30/2011,398.0205804,398.0205804
2/6/2011,389.7400292,389.7400292
2/13/2011,393.435881,393.435881
2/20/2011,393.7918224,393.7918224
2/27/2011,395.4829247,395.4829247
3/6/2011,399.7352832,399.7352832
3/13/2011,407.4754788,407.4754788
3/20/2011,410.2863375,410.2863375
3/27/2011,415.1326545,415.1326545
4/3/2011,420.5609805,420.5609805
4/10/2011,417.4154786,417.4154786
4/17/2011,412.9570299,412.9570299
4/24/2011,410.7671479,410.7671479
5/1/2011,414.8770602,414.8770602
5/8/2011,400.7031076,400.7031076
5/15/2011,390.0557731,390.0557731
5/22/2011,389.6904316,389.6904316
5/29/2011,393.238372,393.238372
6/5/2011,391.161299,391.161299
6/12/2011,386.239254,386.239254
6/19/2011,385.8916189,385.8916189
6/26/2011,376.8339835,376.8339835
7/3/2011,376.736211,376.736211
7/10/2011,376.5498943,376.5498943
7/17/2011,375.567117,375.567117
7/24/2011,378.304409,378.304409
7/31/2011,375.4515923,375.4515923
8/7/2011,377.0099232,377.0099232
8/14/2011,378.2898354,378.2898354
8/21/2011,380.3820419,380.3820419
8/28/2011,389.2632182,389.2632182
9/4/2011,395.891584,395.891584
9/11/2011,402.4385641,402.4385641
9/18/2011,403.977972,403.977972
9/25/2011,403.105451,403.105451
10/2/2011,398.4720739,398.4720739
10/9/2011,397.2177676,397.2177676
10/16/2011,399.4936394,399.4936394
10/23/2011,398.299139,398.299139
10/30/2011,401.2349361,401.2349361
11/6/2011,403.1929052,403.1929052
11/13/2011,404.7182867,404.7182867
11/20/2011,405.7809024,405.7809024
11/27/2011,403.2740068,403.2740068
12/4/2011,404.3389981,404.3389981
12/11/2011,410.1398305,410.1398305
12/18/2011,413.8298736,413.8298736
12/25/2011,421.3067486,421.3067486
1/1/2012,417.0886685,417.0886685
1/8/2012,429.4412497,429.4412497
1/15/2012,416.7039226,416.7039226
1/22/2012,409.238083,409.238083
1/29/2012,398.1322655,398.1322655
2/5/2012,396.0196055,396.0196055
2/12/2012,395.8278328,395.8278328
2/19/2012,392.7742598,392.7742598
2/26/2012,387.3998708,387.3998708
3/4/2012,387.3320816,387.3320816
3/11/2012,395.2918447,395.2918447
3/18/2012,394.5497979,394.5497979
3/25/2012,394.1211034,394.1211034
4/1/2012,395.048553,395.048553
4/8/2012,390.9845645,390.9845645
4/15/2012,387.6464127,387.6464127
4/22/2012,378.4255991,378.4255991
4/29/2012,367.2948945,367.2948945
5/6/2012,371.9111811,371.9111811
5/13/2012,374.2880028,374.2880028
5/20/2012,368.2754693,368.2754693
5/27/2012,365.5575947,365.5575947
6/3/2012,366.9527201,366.9527201
6/10/2012,368.9736612,368.9736612
6/17/2012,374.4659209,374.4659209
6/24/2012,373.9605382,373.9605382
7/1/2012,376.3225665,376.3225665
7/8/2012,378.147591,378.147591
7/15/2012,381.8515878,381.8515878
7/22/2012,382.4010425,382.4010425
7/29/2012,386.4381092,386.4381092
8/5/2012,388.4301367,388.4301367
8/12/2012,387.4820644,387.4820644
8/19/2012,383.9132121,383.9132121
8/26/2012,379.8153589,379.8153589
9/2/2012,377.545639,377.545639
9/9/2012,371.1943213,371.1943213
9/16/2012,363.8613667,363.8613667
9/23/2012,360.6474748,360.6474748
9/30/2012,362.3708676,362.3708676
10/7/2012,361.9660072,361.9660072
10/14/2012,354.067294,354.067294
10/21/2012,351.7000388,351.7000388
10/28/2012,350.1225084,350.1225084
11/4/2012,345.0403773,345.0403773
11/11/2012,345.6737215,345.6737215
11/18/2012,348.3287902,348.3287902
11/25/2012,343.339882,343.339882
12/2/2012,334.7728872,334.7728872
12/9/2012,332.8201407,332.8201407
12/16/2012,332.2673485,332.2673485
12/23/2012,329.6996706,329.6996706
12/30/2012,326.494333,326.494333
1/6/2013,320.9343394,320.9343394
1/13/2013,317.4994317,317.4994317
1/20/2013,313.885752,313.885752
1/27/2013,314.0639735,314.0639735
2/3/2013,323.7155147,323.7155147
2/10/2013,331.7548756,331.7548756
2/17/2013,330.2599764,330.2599764
2/24/2013,326.4459775,326.4459775
3/3/2013,333.0167203,333.0167203
3/10/2013,342.0556661,342.0556661
3/17/2013,339.0207637,339.0207637
3/24/2013,329.6578175,329.6578175
3/31/2013,324.7898458,324.7898458
4/7/2013,325.8575268,325.8575268
4/14/2013,320.8697992,320.8697992
4/21/2013,311.3592486,311.3592486
4/28/2013,305.0988915,305.0988915
5/5/2013,302.1123038,302.1123038
5/12/2013,290.4030687,290.4030687
5/19/2013,282.6933071,282.6933071
5/26/2013,289.1646068,289.1646068
6/2/2013,296.2294405,296.2294405
6/9/2013,301.2571459,301.2571459
6/16/2013,304.4702194,304.4702194
6/23/2013,312.240434,312.240434
6/30/2013,318.725188,318.725188
7/7/2013,324.438698,324.438698
7/14/2013,326.0536276,326.0536276
7/21/2013,319.0614198,319.0614198
7/28/2013,322.0684876,322.0684876
8/4/2013,325.9440924,325.9440924
8/11/2013,324.7773773,324.7773773
8/18/2013,323.6808223,323.6808223
8/25/2013,320.3137118,320.3137118
9/1/2013,316.7055993,316.7055993
9/8/2013,312.6071091,312.6071091
9/15/2013,304.4328393,304.4328393
9/22/2013,309.8156629,309.8156629
9/29/2013,313.306988,313.306988
10/6/2013,310.4314333,310.4314333
10/13/2013,309.307159,309.307159
10/20/2013,303.976471,303.976471
10/27/2013,293.795688,293.795688
11/3/2013,292.6604914,292.6604914
11/10/2013,298.6166068,298.6166068
11/17/2013,307.7507563,307.7507563
11/24/2013,313.7160845,313.7160845
12/1/2013,322.2415091,322.2415091
12/8/2013,323.4667357,323.4667357
12/15/2013,319.8366753,319.8366753
12/22/2013,322.946502,322.946502
12/29/2013,322.6875616,322.6875616
1/12/2014,299.6814449,299.6814449
1/19/2014,291.5132101,291.5132101
1/26/2014,285.1657566,285.1657566
2/2/2014,284.7750325,284.7750325
2/9/2014,289.4771163,289.4771163
2/16/2014,290.3605664,290.3605664
2/23/2014,295.7971316,295.7971316
3/2/2014,306.7153097,306.7153097
3/9/2014,313.0223091,313.0223091
3/16/2014,313.7549883,313.7549883
3/23/2014,302.6951395,302.6951395
3/30/2014,306.7582386,306.7582386
4/6/2014,336.840178,336.840178
4/13/2014,347.2855221,347.2855221
4/20/2014,349.1305094,349.1305094
4/27/2014,355.199513,355.199513
5/4/2014,356.8254238,356.8254238
5/11/2014,347.2750162,347.2750162
5/18/2014,331.2585727,331.2585727
5/25/2014,328.807301,328.807301
6/1/2014,329.0896866,329.0896866
6/8/2014,333.8029011,333.8029011
6/15/2014,332.3962309,332.3962309
6/22/2014,332.2361235,332.2361235
6/29/2014,333.6951226,333.6951226
7/6/2014,338.2801948,338.2801948
7/13/2014,337.9373492,337.9373492
7/20/2014,333.4581562,333.4581562
7/27/2014,335.515932,335.515932
8/3/2014,334.7259827,334.7259827
8/10/2014,334.4308754,334.4308754
8/17/2014,338.486956,338.486956
8/24/2014,347.6998068,347.6998068
8/31/2014,354.8965252,354.8965252
9/7/2014,359.7420344,359.7420344
9/14/2014,362.1791049,362.1791049
9/21/2014,362.1987934,362.1987934
9/28/2014,360.4409541,360.4409541
10/5/2014,364.4209054,364.4209054
10/12/2014,365.1931218,365.1931218
10/19/2014,363.442139,363.442139
10/26/2014,351.3226715,351.3226715
11/2/2014,341.9625726,341.9625726
11/9/2014,343.258382,343.258382
11/16/2014,340.6290114,340.6290114
11/23/2014,332.4326457,332.4326457
11/30/2014,334.6758973,334.6758973
12/7/2014,351.185558,351.185558
12/14/2014,362.8990125,362.8990125
12/21/2014,373.234449,373.234449
12/28/2014,384.9433041,384.9433041
1/11/2015,391.0945568,391.0945568
1/18/2015,433.0419092,433.0419092
1/25/2015,446.8548972,446.8548972
2/1/2015,451.0171616,451.0171616
2/8/2015,450.5702463,450.5702463
2/15/2015,451.0996019,451.0996019
2/22/2015,447.9093821,447.9093821
3/1/2015,439.0398321,439.0398321
3/8/2015,430.6932063,430.6932063
3/15/2015,426.5237738,426.5237738
3/22/2015,421.9135706,421.9135706
3/29/2015,421.1264818,421.1264818
4/5/2015,424.4747083,424.4747083
4/12/2015,430.1395164,430.1395164
4/19/2015,437.2828113,437.2828113
4/26/2015,440.9109287,440.9109287
5/3/2015,454.2292225,454.2292225
5/10/2015,466.7768769,466.7768769
5/17/2015,474.0720318,474.0720318
5/24/2015,483.076609,483.076609
5/31/2015,484.0343455,484.0343455
6/7/2015,479.7182571,479.7182571
6/14/2015,476.9696466,476.9696466
6/21/2015,490.7796217,490.7796217
6/28/2015,507.0436045,507.0436045
7/5/2015,525.1956582,525.1956582
7/12/2015,533.2887171,533.2887171
7/19/2015,537.1942732,537.1942732
7/26/2015,541.5838973,541.5838973
8/2/2015,549.5904979,549.5904979
8/9/2015,559.8247227,559.8247227
8/16/2015,564.589634,564.589634
8/23/2015,563.8301193,563.8301193
8/30/2015,564.8641286,564.8641286
9/6/2015,572.8839416,572.8839416
9/13/2015,579.7792419,579.7792419
9/20/2015,587.7683138,587.7683138
9/27/2015,590.4322978,590.4322978
10/4/2015,592.5263562,592.5263562
10/11/2015,577.8967052,577.8967052
10/18/2015,544.8921607,544.8921607
10/25/2015,525.6963962,525.6963962
11/1/2015,537.5439219,537.5439219
11/8/2015,562.1804788,562.1804788
11/15/2015,587.6402846,587.6402846
11/22/2015,594.7456158,594.7456158
11/29/2015,592.6273765,592.6273765
12/6/2015,595.1210026,595.1210026
12/13/2015,592.5594433,592.5594433
12/20/2015,589.3054469,589.3054469
12/27/2015,596.1006039,596.1006039
1/10/2016,572.6099777,572.6099777
1/17/2016,594.5393259,594.5393259
1/24/2016,593.4042692,593.4042692
1/31/2016,589.4706172,589.4706172
2/7/2016,588.9615721,588.9615721
2/14/2016,593.4056123,593.4056123
2/21/2016,601.6834361,601.6834361
2/28/2016,601.2855683,601.2855683
3/6/2016,600.3084634,600.3084634
3/13/2016,596.0732304,596.0732304
3/20/2016,590.9959718,590.9959718
3/27/2016,585.5639923,585.5639923
4/3/2016,579.2477408,579.2477408
4/10/2016,569.5383777,569.5383777
4/17/2016,557.7815837,557.7815837
4/24/2016,550.9882013,550.9882013
5/1/2016,545.4967204,545.4967204
5/8/2016,558.5157092,558.5157092
5/15/2016,568.314681,568.314681
5/22/2016,567.7411575,567.7411575
5/29/2016,567.2952586,567.2952586
6/5/2016,575.8705309,575.8705309
6/12/2016,588.9343721,588.9343721
6/19/2016,609.2630595,609.2630595
6/26/2016,630.1052189,630.1052189
7/3/2016,653.4839911,653.4839911
7/10/2016,658.8470175,658.8470175
7/17/2016,656.2291306,656.2291306
7/24/2016,658.7966211,658.7966211
7/31/2016,668.43118,668.43118
8/7/2016,684.6721337,684.6721337
8/14/2016,711.1284641,711.1284641
8/21/2016,722.0711186,722.0711186
8/28/2016,715.1863235,715.1863235
9/4/2016,706.5121234,706.5121234
9/11/2016,710.0694393,710.0694393
9/18/2016,713.9840782,713.9840782
9/25/2016,715.4754889,715.4754889
10/2/2016,717.0776538,717.0776538
10/9/2016,721.7657528,721.7657528
10/16/2016,711.2595534,711.2595534
10/23/2016,691.2785738,691.2785738
10/30/2016,674.312316,674.312316
11/6/2016,664.9869516,664.9869516
11/13/2016,660.1815589,660.1815589
11/20/2016,655.8005334,655.8005334
11/27/2016,649.3480074,649.3480074
12/4/2016,645.2982237,645.2982237
12/11/2016,641.1566541,641.1566541
12/18/2016,637.8463378,637.8463378
12/25/2016,637.6912306,637.6912306
1/1/2017,622.5368499,622.5368499
1/8/2017,646.7663244,646.7663244
1/15/2017,641.8341734,641.8341734
1/22/2017,649.708772,649.708772
1/29/2017,652.8555008,652.8555008
2/5/2017,654.5038233,654.5038233
2/12/2017,646.8590947,646.8590947
2/19/2017,638.3802649,638.3802649
2/26/2017,630.0219052,630.0219052
3/5/2017,617.8697247,617.8697247
3/12/2017,613.8724851,613.8724851
3/19/2017,612.564641,612.564641
3/26/2017,617.2572365,617.2572365
4/2/2017,639.0751812,639.0751812
4/9/2017,659.3263541,659.3263541
4/16/2017,661.590045,661.590045
4/23/2017,652.0615954,652.0615954
4/30/2017,655.0923942,655.0923942
5/7/2017,646.326906,646.326906
5/14/2017,633.1107728,633.1107728
5/21/2017,635.9898552,635.9898552
5/28/2017,652.0584066,652.0584066
6/4/2017,652.8465245,652.8465245
6/11/2017,648.9341369,648.9341369
6/18/2017,643.4328664,643.4328664
6/25/2017,637.2202133,637.2202133
7/2/2017,626.6984742,626.6984742
7/9/2017,615.8561875,615.8561875
7/16/2017,602.1211331,602.1211331
7/23/2017,597.6719073,597.6719073
7/30/2017,590.0685398,590.0685398
8/6/2017,578.4857177,578.4857177
8/13/2017,563.6655294,563.6655294
8/20/2017,550.3011407,550.3011407
8/27/2017,540.2157223,540.2157223
9/3/2017,546.7401016,546.7401016
9/10/2017,546.6006004,546.6006004
9/17/2017,531.0427625,531.0427625
9/24/2017,520.2498274,520.2498274
10/1/2017,511.7845701,511.7845701
10/8/2017,519.374761,519.374761
10/15/2017,538.1189748,538.1189748
10/22/2017,554.3162242,554.3162242
10/29/2017,567.6866461,567.6866461
11/5/2017,575.9396854,575.9396854
11/12/2017,579.8514019,579.8514019
11/19/2017,581.5420965,581.5420965
11/26/2017,580.092399,580.092399
12/3/2017,581.2619023,581.2619023
12/10/2017,582.0963043,582.0963043
12/17/2017,574.2487211,574.2487211
12/24/2017,574.9754252,574.9754252
12/31/2017,556.7178255,556.7178255
1/7/2018,570.3213082,570.3213082
1/14/2018,564.0424077,564.0424077
1/21/2018,555.6158123,555.6158123
1/28/2018,542.278528,542.278528
2/4/2018,534.4074447,534.4074447
2/11/2018,541.1596706,541.1596706
2/18/2018,531.7951494,531.7951494
2/25/2018,523.2868175,523.2868175
3/4/2018,533.3117842,533.3117842
3/11/2018,554.6585124,554.6585124
3/18/2018,564.9366072,564.9366072
3/25/2018,551.978526,551.978526
4/1/2018,543.8002768,543.8002768
4/8/2018,540.7838026,540.7838026
4/15/2018,522.8730747,522.8730747
4/22/2018,503.2095545,503.2095545
4/29/2018,497.8645523,497.8645523
5/6/2018,496.9595463,496.9595463
5/13/2018,489.389548,489.389548
5/20/2018,487.0251274,487.0251274
5/27/2018,478.2881268,478.2881268
6/3/2018,468.2498696,468.2498696
6/10/2018,470.9157146,470.9157146
6/17/2018,476.6903799,476.6903799
6/24/2018,480.8208331,480.8208331
7/1/2018,489.1787624,489.1787624
7/8/2018,503.9503891,503.9503891
7/15/2018,505.7812736,505.7812736
7/22/2018,498.4477235,498.4477235
7/29/2018,495.1784009,495.1784009
8/5/2018,484.3554244,484.3554244
8/12/2018,467.2502399,467.2502399
8/19/2018,451.9538851,451.9538851
8/26/2018,449.3132298,449.3132298
9/2/2018,472.5952778,472.5952778
9/9/2018,485.3833778,485.3833778
9/16/2018,492.6669439,492.6669439
9/23/2018,498.7527951,498.7527951
9/30/2018,493.1184786,493.1184786
10/7/2018,483.0654253,483.0654253
10/14/2018,490.661972,490.661972
10/21/2018,513.1850146,513.1850146
10/28/2018,536.9690422,536.9690422
11/4/2018,538.1967432,538.1967432
11/11/2018,529.5939488,529.5939488
11/18/2018,518.9282265,518.9282265
11/25/2018,527.3255153,527.3255153
12/2/2018,526.3238646,526.3238646
12/9/2018,519.2347744,519.2347744
12/16/2018,523.2089756,523.2089756
12/23/2018,530.3001727,530.3001727
12/30/2018,528.4068835,528.4068835
1/6/2019,472.7273,472.7273
1/13/2019,510.3283359,510.3283359
1/20/2019,485.6880856,485.6880856
1/27/2019,473.2812285,473.2812285
2/3/2019,471.015626,471.015626
2/10/2019,472.5233702,472.5233702
2/17/2019,463.864891,463.864891
2/24/2019,451.6881558,451.6881558
3/3/2019,438.0565598,438.0565598
3/10/2019,412.3321446,412.3321446
3/17/2019,390.8160953,390.8160953
3/24/2019,415.4928842,415.4928842
3/31/2019,473.0119003,473.0119003
4/7/2019,500.6347383,500.6347383
4/14/2019,487.2121225,487.2121225
4/21/2019,464.8275161,464.8275161
4/28/2019,447.5512838,447.5512838
5/5/2019,484.9140348,484.9140348
5/12/2019,494.0665192,494.0665192
5/19/2019,475.1045017,475.1045017
5/26/2019,461.4095458,461.4095458
6/2/2019,468.9946736,468.9946736
6/9/2019,479.9678032,479.9678032
6/16/2019,477.4069192,477.4069192
6/23/2019,485.1290992,485.1290992
6/30/2019,485.5094479,485.5094479
7/7/2019,486.0596593,486.0596593
7/14/2019,503.4284812,503.4284812
7/21/2019,516.4148795,516.4148795
7/28/2019,524.0129027,524.0129027
8/4/2019,528.8736462,528.8736462
8/11/2019,528.0431012,528.0431012
8/18/2019,526.1622537,526.1622537
8/25/2019,512.2814098,512.2814098
9/1/2019,501.6775014,501.6775014
9/8/2019,498.6735083,498.6735083
9/15/2019,484.1388525,484.1388525
9/22/2019,468.6916185,468.6916185
9/29/2019,474.3947697,474.3947697
10/6/2019,484.3640898,484.3640898
10/13/2019,484.0377687,484.0377687
10/20/2019,495.8027405,495.8027405
10/27/2019,500.5297031,500.5297031
11/3/2019,504.1536249,504.1536249
11/10/2019,514.7020546,514.7020546
11/17/2019,517.3404586,517.3404586
11/24/2019,502.8825853,502.8825853
12/1/2019,490.4750156,490.4750156
12/8/2019,498.3657589,498.3657589
12/15/2019,494.0317958,494.0317958
12/22/2019,486.9517789,486.9517789
12/29/2019,472.4617975,472.4617975
1/12/2020,477.0566985,477.0566985
1/19/2020,500.8547619,500.8547619
1/26/2020,536.3719181,536.3719181
2/2/2020,565.2784592,565.2784592
2/9/2020,606.9369988,606.9369988
2/16/2020,647.7125382,647.7125382
2/23/2020,690.9811493,690.9811493
3/1/2020,712.6070259,712.6070259
3/8/2020,738.8029147,738.8029147
3/15/2020,756.991397,756.991397
3/22/2020,747.3371523,747.3371523
3/29/2020,717.0555353,717.0555353
4/5/2020,695.9801313,695.9801313
4/12/2020,711.2071479,711.2071479
4/19/2020,721.9542614,721.9542614
4/26/2020,711.7624477,711.7624477
5/3/2020,708.4189453,708.4189453
5/10/2020,710.6067614,710.6067614
5/17/2020,720.6670063,720.6670063
5/24/2020,734.6488644,734.6488644
5/31/2020,745.7012205,745.7012205
6/7/2020,747.8546686,747.8546686
6/14/2020,747.1592608,747.1592608
6/21/2020,763.8822911,763.8822911
6/28/2020,760.2412135,760.2412135
7/5/2020,757.8565951,757.8565951
7/12/2020,755.2207985,755.2207985
7/19/2020,746.5172617,746.5172617
7/26/2020,749.2121788,749.2121788
8/2/2020,755.0075152,755.0075152
8/9/2020,758.0200821,758.0200821
8/16/2020,762.4920409,762.4920409
8/23/2020,772.5585377,772.5585377
8/30/2020,784.5471227,784.5471227
9/6/2020,783.1717783,783.1717783
9/13/2020,768.7379103,768.7379103
9/20/2020,763.5416689,763.5416689
9/27/2020,770.5367156,770.5367156
10/4/2020,776.0296431,776.0296431
10/11/2020,785.5917273,785.5917273
10/18/2020,790.9778412,790.9778412
10/25/2020,796.4421861,796.4421861
11/1/2020,815.2615112,815.2615112
11/8/2020,826.0495351,826.0495351
11/15/2020,827.97553,827.97553
11/22/2020,827.0288195,827.0288195
11/29/2020,816.6915837,816.6915837
12/6/2020,797.5083907,797.5083907
12/13/2020,791.8101035,791.8101035
12/20/2020,806.9840584,806.9840584
12/27/2020,834.2005215,834.2005215
1/10/2021,787.6055165,787.6055165
1/17/2021,839.2661577,839.2661577
1/24/2021,864.7502817,864.7502817
1/31/2021,885.2576437,885.2576437
2/7/2021,886.4414116,886.4414116
2/14/2021,880.7701752,880.7701752
2/21/2021,869.4458297,869.4458297
2/28/2021,861.991018,861.991018
3/7/2021,858.3637538,858.3637538
3/14/2021,861.8238098,861.8238098
3/21/2021,859.1946753,859.1946753
3/28/2021,871.0824188,871.0824188
4/4/2021,884.2802711,884.2802711
4/11/2021,874.4939917,874.4939917
4/18/2021,898.4282713,898.4282713
4/25/2021,908.0367353,908.0367353
5/2/2021,892.3650766,892.3650766
5/9/2021,885.7226755,885.7226755
5/16/2021,894.8798521,894.8798521
5/23/2021,891.5662483,891.5662483
5/30/2021,887.1247303,887.1247303
6/6/2021,891.5996178,891.5996178
6/13/2021,904.4195331,904.4195331
6/20/2021,912.6227393,912.6227393
6/27/2021,922.8594237,922.8594237
7/4/2021,936.0899116,936.0899116
7/11/2021,947.6775174,947.6775174
7/18/2021,971.9615471,971.9615471
7/25/2021,994.3375415,994.3375415
8/1/2021,996.4345778,996.4345778
8/8/2021,992.3433824,992.3433824
8/15/2021,998.3555402,998.3555402
8/22/2021,1002.601779,1002.601779
8/29/2021,1016.322137,1016.322137
9/5/2021,1011.666857,1011.666857
9/12/2021,1006.115661,1006.115661
9/19/2021,1024.251577,1024.251577
9/26/2021,1027.600762,1027.600762
10/3/2021,1035.80442,1035.80442
10/10/2021,1042.945133,1042.945133
10/17/2021,1040.54461,1040.54461
10/24/2021,1055.835144,1055.835144
10/31/2021,1070.955422,1070.955422
11/7/2021,1070.48809,1070.48809
11/14/2021,1067.295374,1067.295374
11/21/2021,1091.606624,1091.606624
11/28/2021,1105.4282,1105.4282
12/5/2021,1106.034398,1106.034398
12/12/2021,1138.314643,1138.314643
12/19/2021,1166.989093,1166.989093
12/26/2021,1181.881962,1181.881962
1/9/2022,1065.831994,1065.831994
1/16/2022,1153.381093,1153.381093
1/23/2022,1185.504825,1185.504825
1/30/2022,1170.268891,1170.268891
2/6/2022,1128.187664,1128.187664
2/13/2022,1129.535882,1129.535882
2/20/2022,1127.844952,1127.844952
2/27/2022,1129.352838,1129.352838
3/6/2022,1124.588447,1124.588447
3/13/2022,1122.914119,1122.914119
3/20/2022,1121.131212,1121.131212
3/27/2022,1116.654213,1116.654213
4/3/2022,1102.432741,1102.432741
4/10/2022,1088.479403,1088.479403
4/17/2022,1085.411319,1085.411319
4/24/2022,1081.554746,1081.554746
5/1/2022,1086.678636,1086.678636
5/8/2022,1099.06115,1099.06115
5/15/2022,1091.45897,1091.45897
5/22/2022,1092.217449,1092.217449
5/29/2022,1107.241303,1107.241303
6/5/2022,1120.848691,1120.848691
6/12/2022,1125.301888,1125.301888
6/19/2022,1100.868853,1100.868853
6/26/2022,1070.091878,1070.091878
7/3/2022,1030.571396,1030.571396
7/10/2022,1005.056105,1005.056105
7/17/2022,983.0574195,983.0574195
7/24/2022,959.2613819,959.2613819
7/31/2022,922.9754862,922.9754862
8/7/2022,903.9601808,903.9601808
8/14/2022,937.4071066,937.4071066
8/21/2022,993.4883822,993.4883822
8/28/2022,1027.554169,1027.554169
9/4/2022,1030.887487,1030.887487
9/11/2022,1032.169403,1032.169403
9/18/2022,1042.671941,1042.671941
9/25/2022,1058.788261,1058.788261
10/2/2022,1075.672492,1075.672492
10/9/2022,1057.987619,1057.987619
10/16/2022,1035.328354,1035.328354
10/23/2022,1028.590233,1028.590233
10/30/2022,1030.263146,1030.263146
11/6/2022,1024.996336,1024.996336
11/13/2022,1021.030192,1021.030192
11/20/2022,1003.78847,1003.78847
11/27/2022,950.4055066,950.4055066
12/4/2022,900.7790755,900.7790755
12/11/2022,873.3974965,873.3974965
12/18/2022,890.8398568,890.8398568
12/25/2022,905.9661976,905.9661976
1/8/2023,850,850
1/15/2023,775.5562455,775.5562455
1/22/2023,778.8382019,778.8382019
1/29/2023,787.0358256,787.0358256
2/5/2023,776.3875197,776.3875197
2/12/2023,759.9993905,759.9993905
2/19/2023,753.3185054,753.3185054
2/26/2023,738.2533618,738.2533618
3/5/2023,710.1256626,710.1256626
3/12/2023,699.4406922,699.4406922
3/19/2023,694.0257264,694.0257264
3/26/2023,676.5026473,676.5026473
4/2/2023,676.6838096,676.6838096
4/9/2023,691.3246997,691.3246997
4/16/2023,692.9160053,692.9160053
4/23/2023,685.0938445,685.0938445
4/30/2023,676.3452183,676.3452183
5/7/2023,651.0377494,651.0377494
5/14/2023,627.1019003,627.1019003
5/21/2023,612.8008854,612.8008854
5/28/2023,600.0067182,600.0067182
6/4/2023,581.3262325,581.3262325
6/11/2023,571.1294136,571.1294136
6/18/2023,562.2474683,562.2474683
6/25/2023,567.3171302,567.3171302
7/2/2023,557.8717594,557.8717594
7/9/2023,558.0374449,558.0374449
7/16/2023,565.5588456,565.5588456
7/23/2023,571.2940484,571.2940484
7/30/2023,569.7750968,569.7750968
8/6/2023,559.1914563,559.1914563
8/13/2023,555.1959164,555.1959164
8/20/2023,544.2994949,544.2994949
8/27/2023,528.1566084,528.1566084
9/3/2023,492.529151,492.529151
9/10/2023,462.4719009,462.4719009
9/17/2023,430.2515226,430.2515226
9/24/2023,403.9200439,403.9200439
10/1/2023,370.4114854,370.4114854
10/8/2023,355.4359082,355.4359082
10/15/2023,361.9507645,361.9507645
10/22/2023,354.0959743,354.0959743
10/29/2023,353.6434265,353.6434265
11/5/2023,361.8647898,361.8647898
11/12/2023,383.6769003,383.6769003
11/19/2023,432.7705614,432.7705614
11/26/2023,468.8450439,468.8450439
12/3/2023,548.1187045,548.1187045
12/10/2023,572.8201779,572.8201779
12/17/2023,557.3922322,557.3922322
12/24/2023,532.0847176,532.0847176
12/31/2023,481.767439,481.767439
1/14/2024,588.6523129,588.6523129
1/21/2024,611.4827236,611.4827236
1/28/2024,635.4720817,635.4720817
2/4/2024,659.992433,659.992433
2/11/2024,673.6175045,673.6175045
2/18/2024,650.5559339,650.5559339
2/25/2024,628.5107032,628.5107032
3/3/2024,630.3569837,630.3569837
3/10/2024,623.1018958,623.1018958
3/17/2024,591.4961632,591.4961632
3/24/2024,577.3637398,577.3637398
3/31/2024,585.1133138,585.1133138
4/7/2024,598.4082164,598.4082164
4/14/2024,616.9869905,616.9869905
4/21/2024,606.8416282,606.8416282
4/28/2024,591.1958688,591.1958688
5/5/2024,598.3427805,598.3427805
5/12/2024,604.7009365,604.7009365
5/19/2024,616.5423642,616.5423642
5/26/2024,621.6119713,621.6119713
6/2/2024,607.9534788,607.9534788
6/9/2024,602.9037422,602.9037422
6/16/2024,597.5384308,597.5384308
6/23/2024,590.69353,590.69353
6/30/2024,580.5890944,580.5890944
7/7/2024,585.9138777,585.9138777
7/14/2024,612.492599,612.492599
7/21/2024,632.2639771,632.2639771
7/28/2024,650.3915092,650.3915092
8/4/2024,664.0130554,664.0130554
8/11/2024,661.59979,661.59979
8/18/2024,657.5829509,657.5829509
8/25/2024,669.7097262,669.7097262
9/1/2024,682.43431,682.43431
9/8/2024,674.699513,674.699513
9/15/2024,666.5714131,666.5714131
9/22/2024,667.4282142,667.4282142
9/29/2024,657.9476361,657.9476361
10/6/2024,640.5472893,640.5472893
10/13/2024,623.3099845,623.3099845
10/20/2024,622.4694232,622.4694232
10/27/2024,625.7516316,625.7516316
11/3/2024,630.6535745,630.6535745
11/10/2024,623.388652,623.388652
11/17/2024,623.0383019,623.0383019
11/24/2024,631.0891734,631.0891734
12/1/2024,635.662212,635.662212
12/8/2024,659.0127139,659.0127139
12/15/2024,682.222989,682.222989
12/22/2024,684.5245713,684.5245713
12/29/2024,693.559004,693.559004
1/12/2025,705.4427588,705.4427588
1/19/2025,705.1225789,705.1225789
1/26/2025,690.7963432,690.7963432
2/2/2025,664.7030783,664.7030783
2/9/2025,638.5587496,638.5587496
2/16/2025,649.4565585,649.4565585